DATE,WILL5000PR
2019-05-23,28926.79
2019-05-24,28984.96
2019-05-27,.
2019-05-28,28751.19
2019-05-29,28545.88
2019-05-30,28587.92
2019-05-31,28217.60
2019-06-03,28140.90
2019-06-04,28764.15
2019-06-05,28973.92
2019-06-06,29129.74
2019-06-07,29419.63
2019-06-10,29565.01
2019-06-11,29545.09
2019-06-12,29488.98
2019-06-13,29623.62
2019-06-14,29551.41
2019-06-17,29594.83
2019-06-18,29890.73
2019-06-19,29985.91
2019-06-20,30251.55
2019-06-21,30181.84
2019-06-24,30089.66
2019-06-25,29807.53
2019-06-26,29772.87
2019-06-27,29938.51
2019-06-28,30135.48
2019-07-01,30355.71
2019-07-02,30421.89
2019-07-03,30659.44
2019-07-04,.
2019-07-05,30623.23
2019-07-08,30459.38
2019-07-09,30510.66
2019-07-10,30635.91
2019-07-11,30682.06
2019-07-12,30835.44
2019-07-15,30827.04
2019-07-16,30731.50
2019-07-17,30538.03
2019-07-18,30642.98
2019-07-19,30456.95
2019-07-22,30531.95
2019-07-23,30743.94
2019-07-24,30931.90
2019-07-25,30744.19
2019-07-26,30989.64
2019-07-29,30911.55
2019-07-30,30871.02
2019-07-31,30550.75
2019-08-01,30246.82
2019-08-02,30007.47
2019-08-05,29106.26
2019-08-06,29480.35
2019-08-07,29506.09
2019-08-08,30072.38
2019-08-09,29853.71
2019-08-12,29484.65
2019-08-13,29903.83
2019-08-14,29034.08
2019-08-15,29082.65
2019-08-16,29521.66
2019-08-19,29864.17
2019-08-20,29631.81
2019-08-21,29878.31
2019-08-22,29862.57
2019-08-23,29083.11
2019-08-26,29393.35
2019-08-27,29260.53
2019-08-28,29457.96
2019-08-29,29842.21
2019-08-30,29857.78
2019-09-02,.
2019-09-03,29633.81
2019-09-04,29951.05
2019-09-05,30348.85
2019-09-06,30355.92
2019-09-09,30383.82
2019-09-10,30423.43
2019-09-11,30676.66
2019-09-12,30744.62
2019-09-13,30721.77
2019-09-16,30661.29
2019-09-17,30725.67
2019-09-18,30718.76
2019-09-19,30709.44
2019-09-20,30571.04
2019-09-23,30570.96
2019-09-24,30285.28
2019-09-25,30490.25
2019-09-26,30391.78
2019-09-27,30208.88
2019-09-30,30355.57
2019-10-01,29966.64
2019-10-02,29460.15
2019-10-03,29692.04
2019-10-04,30096.10
2019-10-07,29975.79
2019-10-08,29508.16
2019-10-09,29763.85
2019-10-10,29939.25
2019-10-11,30287.22
2019-10-14,30238.98
2019-10-15,30538.34
2019-10-16,30469.13
2019-10-17,30579.59
2019-10-18,30459.07
2019-10-21,30677.21
2019-10-22,30577.00
2019-10-23,30655.06
2019-10-24,30726.63
2019-10-25,30861.00
2019-10-28,31039.29
2019-10-29,31011.17
2019-10-30,31093.40
2019-10-31,30983.59
2019-11-01,31304.09
2019-11-04,31422.58
2019-11-05,31391.79
2019-11-06,31386.27
2019-11-07,31471.07
2019-11-08,31556.18
2019-11-11,31501.39
2019-11-12,31541.65
2019-11-13,31548.95
2019-11-14,31574.41
2019-11-15,31807.01
2019-11-18,31818.38
2019-11-19,31819.55
2019-11-20,31709.33
2019-11-21,31646.30
2019-11-22,31716.85
2019-11-25,31990.01
2019-11-26,32064.19
2019-11-27,32205.05
2019-11-28,.
2019-11-29,32064.26
2019-12-02,31779.81
2019-12-03,31582.73
2019-12-04,31774.92
2019-12-05,31815.45
2019-12-06,32103.71
2019-12-09,32005.05
2019-12-10,31974.76
2019-12-11,32052.45
2019-12-12,32314.50
2019-12-13,32302.57
2019-12-16,32540.15
2019-12-17,32562.74
2019-12-18,32559.54
2019-12-19,32703.85
2019-12-20,32860.41
2019-12-23,32890.30
2019-12-24,32891.73
2019-12-25,.
2019-12-26,33053.52
2019-12-27,33033.31
2019-12-30,32851.56
2019-12-31,32948.41
2020-01-01,.
2020-01-02,33203.76
2020-01-03,32997.21
2020-01-06,33107.98
2020-01-07,33025.73
2020-01-08,33180.84
2020-01-09,33385.61
2020-01-10,33291.10
2020-01-13,33536.70
2020-01-14,33508.16
2020-01-15,33571.76
2020-01-16,33866.95
2020-01-17,33969.93
2020-01-20,.
2020-01-21,33878.03
2020-01-22,33891.04
2020-01-23,33930.82
2020-01-24,33614.74
2020-01-27,33100.65
2020-01-28,33428.48
2020-01-29,33393.57
2020-01-30,33498.40
2020-01-31,32913.47
2020-02-03,33162.99
2020-02-04,33669.71
2020-02-05,34007.60
2020-02-06,34103.96
2020-02-07,33914.63
2020-02-10,34163.99
2020-02-11,34242.71
2020-02-12,34470.09
2020-02-13,34436.70
2020-02-14,34497.80
2020-02-17,.
2020-02-18,34416.01
2020-02-19,34581.20
2020-02-20,34480.67
2020-02-21,34116.85
2020-02-24,32987.49
2020-02-25,31966.95
2020-02-26,31800.51
2020-02-27,30420.72
2020-02-28,30151.73
2020-03-02,31480.79
2020-03-03,30627.55
2020-03-04,31871.05
2020-03-05,30797.53
2020-03-06,30251.04
2020-03-09,27885.59
2020-03-10,29218.09
2020-03-11,27729.07
2020-03-12,25044.25
2020-03-13,27318.22
2020-03-16,23961.46
2020-03-17,25354.81
2020-03-18,23891.02
2020-03-19,24154.84
2020-03-20,23126.46
2020-03-23,22482.20
2020-03-24,24595.63
2020-03-25,24934.78
2020-03-26,26478.00
2020-03-27,25597.13
2020-03-30,26392.08
2020-03-31,25995.73
2020-04-01,24796.49
2020-04-02,25308.46
2020-04-03,24878.92
2020-04-06,26650.37
2020-04-07,26632.50
2020-04-08,27574.96
2020-04-09,28053.77
2020-04-10,.
2020-04-13,27741.00
2020-04-14,28572.77
2020-04-15,27923.30
2020-04-16,28066.51
2020-04-17,28842.95
2020-04-20,28348.57
2020-04-21,27489.83
2020-04-22,28115.35
2020-04-23,28131.74
2020-04-24,28526.49
2020-04-27,29030.11
2020-04-28,28916.15
2020-04-29,29751.01
2020-04-30,29409.58
2020-05-01,28545.40
2020-05-04,28677.12
2020-05-05,28940.94
2020-05-06,28756.10
2020-05-07,29114.57
2020-05-08,29661.62
2020-05-11,29650.21
2020-05-12,29002.39
2020-05-13,28446.62
2020-05-14,28768.11
2020-05-15,28902.95
2020-05-18,29874.30
2020-05-19,29558.77
2020-05-20,30075.82
2020-05-21,29873.59
2020-05-22,29960.21
2020-05-25,.
2020-05-26,30368.35
2020-05-27,30853.31
2020-05-28,30730.89
2020-05-29,30873.67
2020-06-01,31036.60
2020-06-02,31291.30
2020-06-03,31758.53
2020-06-04,31651.81
2020-06-05,32482.27
2020-06-08,32935.77
2020-06-09,32644.42
2020-06-10,32420.35
2020-06-11,30478.00
2020-06-12,30902.50
2020-06-15,31214.12
2020-06-16,31806.11
2020-06-17,31658.22
2020-06-18,31686.93
2020-06-19,31513.00
2020-06-22,31720.66
2020-06-23,31847.33
2020-06-24,31003.77
2020-06-25,31357.59
2020-06-26,30596.01
2020-06-29,31068.82
2020-06-30,31551.73
2020-07-01,31690.76
2020-07-02,31831.85
2020-07-03,.
2020-07-06,32340.14
2020-07-07,31979.58
2020-07-08,32247.74
2020-07-09,32048.77
2020-07-10,32404.29
2020-07-13,32048.70
2020-07-14,32473.56
2020-07-15,32841.93
2020-07-16,32712.58
2020-07-17,32812.51
2020-07-20,33102.07
2020-07-21,33163.27
2020-07-22,33349.71
2020-07-23,32954.20
2020-07-24,32714.69
2020-07-27,32987.78
2020-07-28,32760.80
2020-07-29,33210.88
2020-07-30,33098.05
2020-07-31,33300.98
2020-08-03,33581.97
2020-08-04,33714.38
2020-08-05,33963.16
2020-08-06,34146.87
2020-08-07,34174.77
2020-08-10,34267.81
2020-08-11,33987.00
2020-08-12,34451.55
2020-08-13,34401.92
2020-08-14,34390.47
2020-08-17,34522.80
2020-08-18,34578.98
2020-08-19,34425.86
2020-08-20,34540.73
2020-08-21,34641.01
2020-08-24,34975.62
2020-08-25,35087.49
2020-08-26,35409.75
2020-08-27,35484.63
2020-08-28,35722.88
2020-08-31,35675.51
2020-09-01,35955.63
2020-09-02,36442.24
2020-09-03,35143.65
2020-09-04,34855.32
2020-09-07,.
2020-09-08,33851.58
2020-09-09,34534.37
2020-09-10,33962.07
2020-09-11,33953.00
2020-09-14,34479.18
2020-09-15,34664.16
2020-09-16,34536.31
2020-09-17,34233.66
2020-09-18,33886.67
2020-09-21,33475.62
2020-09-22,33807.74
2020-09-23,32969.41
2020-09-24,33069.80
2020-09-25,33629.28
2020-09-28,34195.73
2020-09-29,34030.59
2020-09-30,34294.49
2020-10-01,34551.30
2020-10-02,34255.35
2020-10-05,34895.37
2020-10-06,34445.60
2020-10-07,35051.04
2020-10-08,35339.22
2020-10-09,35641.17
2020-10-12,36189.85
2020-10-13,35983.16
2020-10-14,35748.18
2020-10-15,35722.82
2020-10-16,35693.28
2020-10-19,35135.84
2020-10-20,35282.12
2020-10-21,35172.26
2020-10-22,35398.79
2020-10-23,35530.95
2020-10-26,34877.31
2020-10-27,34761.79
2020-10-28,33567.25
2020-10-29,33963.86
2020-10-30,33505.10
2020-11-02,33921.37
2020-11-03,34572.64
2020-11-04,35304.27
2020-11-05,36015.19
2020-11-06,35985.35
2020-11-09,36396.93
2020-11-10,36376.99
2020-11-11,36663.31
2020-11-12,36295.44
2020-11-13,36794.21
2020-11-16,37255.21
2020-11-17,37142.94
2020-11-18,36753.93
2020-11-19,36940.85
2020-11-20,36726.24
2020-11-23,37000.02
2020-11-24,37585.77
2020-11-25,37563.31
2020-11-26,.
2020-11-27,37680.18
2020-11-30,37461.24
2020-12-01,37863.07
2020-12-02,37914.76
2020-12-03,37956.53
2020-12-04,38337.21
2020-12-07,38304.68
2020-12-08,38455.75
2020-12-09,38103.03
2020-12-10,38138.57
2020-12-11,38067.36
2020-12-14,37945.99
2020-12-15,38460.64
2020-12-16,38504.87
2020-12-17,38775.22
2020-12-18,38664.18
2020-12-21,38551.90
2020-12-22,38545.23
2020-12-23,38595.12
2020-12-24,38701.49
2020-12-25,.
2020-12-28,38946.25
2020-12-29,38804.67
2020-12-30,38894.34
2020-12-31,39081.44
2021-01-01,.
2021-01-04,38508.13
2021-01-05,38816.33
2021-01-06,39127.21
2021-01-07,39753.56
2021-01-08,39938.80
2021-01-11,39722.59
2021-01-12,39831.99
2021-01-13,39875.79
2021-01-14,39809.60
2021-01-15,39508.15
2021-01-18,.
2021-01-19,39840.70
2021-01-20,40364.69
2021-01-21,40349.28
2021-01-22,40296.00
2021-01-25,40418.16
2021-01-26,40308.46
2021-01-27,39280.70
2021-01-28,39652.19
2021-01-29,38915.27
2021-02-01,39583.97
2021-02-02,40152.99
2021-02-03,40206.19
2021-02-04,40674.67
2021-02-05,40875.95
2021-02-08,41248.24
2021-02-09,41236.00
2021-02-10,41218.82
2021-02-11,41289.59
2021-02-12,41489.06
2021-02-15,.
2021-02-16,41431.89
2021-02-17,41366.80
2021-02-18,41136.51
2021-02-19,41179.73
2021-02-22,40801.02
2021-02-23,40799.03
2021-02-24,41279.04
2021-02-25,40196.86
2021-02-26,40047.61
2021-03-01,41034.68
2021-03-02,40641.04
2021-03-03,40080.21
2021-03-04,39455.77
2021-03-05,40203.33
2021-03-08,39994.81
2021-03-09,40615.22
2021-03-10,40888.68
2021-03-11,41402.50
2021-03-12,41469.97
2021-03-15,41757.35
2021-03-16,41610.93
2021-03-17,41740.28
2021-03-18,41031.14
2021-03-19,41061.42
2021-03-22,41292.93
2021-03-23,40851.49
2021-03-24,40525.61
2021-03-25,40798.60
2021-03-26,41467.50
2021-03-29,41300.85
2021-03-30,41259.22
2021-03-31,41465.83
2021-04-01,41994.53
2021-04-02,.
2021-04-05,42535.21
2021-04-06,42518.13
2021-04-07,42514.11
2021-04-08,42734.19
2021-04-09,43027.09
2021-04-12,43018.03
2021-04-13,43169.00
2021-04-14,43029.50
2021-04-15,43498.12
2021-04-16,43637.29
2021-04-19,43365.96
2021-04-20,43005.62
2021-04-21,43459.48
2021-04-22,43103.31
2021-04-23,43618.22
2021-04-26,43764.24
2021-04-27,43759.12
2021-04-28,43734.33
2021-04-29,43950.85
2021-04-30,43619.56
2021-05-03,43714.52
2021-05-04,43366.68
2021-05-05,43346.21
2021-05-06,43620.27
2021-05-07,43973.48
2021-05-10,43435.09
2021-05-11,43104.89
2021-05-12,42118.50
2021-05-13,42604.38
2021-05-14,43310.90
2021-05-17,43211.42
2021-05-18,42879.80
2021-05-19,42735.59
2021-05-20,43198.31
2021-05-21,43178.40
2021-05-24,43595.02
2021-05-25,43473.91
2021-05-26,43640.79
2021-05-27,43725.45
2021-05-28,43758.97
2021-05-31,43758.97
2021-06-01,43789.56
2021-06-02,43848.99
2021-06-03,43650.26
2021-06-04,44026.94
2021-06-07,44075.84
2021-06-08,44148.20
2021-06-09,44041.86
2021-06-10,44214.64
2021-06-11,44346.94
2021-06-14,44398.32
2021-06-15,44281.14
2021-06-16,44069.14
2021-06-17,44031.43
2021-06-18,43462.88
2021-06-21,44075.13
2021-06-22,44300.44
2021-06-23,44280.71
2021-06-24,44566.80
2021-06-25,44718.89
2021-06-28,44784.85
2021-06-29,44772.88
2021-06-30,44807.08
2021-07-01,45034.40
2021-07-02,45301.09
2021-07-05,.
2021-07-06,45189.57
2021-07-07,45271.57
2021-07-08,44879.42
2021-07-09,45440.76
2021-07-12,45570.11
2021-07-13,45324.36
2021-07-14,45289.72
2021-07-15,45144.82
2021-07-16,44811.97
2021-07-19,44131.22
2021-07-20,44880.84
2021-07-21,45287.89
2021-07-22,45315.58
2021-07-23,45765.21
2021-07-26,45865.27
2021-07-27,45602.66
2021-07-28,45645.10
2021-07-29,45838.75
2021-07-30,45568.13
2021-08-02,45493.31
2021-08-03,45821.88
2021-08-04,45608.87
2021-08-05,45933.17
2021-08-06,45993.93
2021-08-09,45957.19
2021-08-10,45989.76
2021-08-11,46105.13
2021-08-12,46221.02
2021-08-13,46243.58
2021-08-16,46278.16
2021-08-17,45925.06
2021-08-18,45460.78
2021-08-19,45439.78
2021-08-20,45842.27
2021-08-23,46288.07
2021-08-24,46426.43
2021-08-25,46540.52
2021-08-26,46241.98
2021-08-27,46729.33
2021-08-30,46897.81
2021-08-31,46846.63
2021-09-01,46895.89
2021-09-02,47055.62
2021-09-03,47032.04
2021-09-06,.
2021-09-07,46846.90
2021-09-08,46737.98
2021-09-09,46549.55
2021-09-10,46169.32
2021-09-13,46274.69
2021-09-14,45968.11
2021-09-15,46365.64
2021-09-16,46321.86
2021-09-17,45958.99
2021-09-20,45150.28
2021-09-21,45152.02
2021-09-22,45602.70
2021-09-23,46162.27
2021-09-24,46201.13
2021-09-27,46135.77
2021-09-28,45185.75
2021-09-29,45227.76
2021-09-30,44719.60
2021-10-01,45239.75
2021-10-04,44648.87
2021-10-05,45087.00
2021-10-06,45251.38
2021-10-07,45675.51
2021-10-08,45558.94
2021-10-11,45252.15
2021-10-12,45212.14
2021-10-13,45371.79
2021-10-14,46124.59
2021-10-15,46426.49
2021-10-18,46595.68
2021-10-19,46914.30
2021-10-20,47098.00
2021-10-21,47243.43
2021-10-22,47150.73
2021-10-25,47399.57
2021-10-26,47435.32
2021-10-27,47102.37
2021-10-28,47622.27
2021-10-29,47690.50
2021-11-01,47904.27
2021-11-02,48040.57
2021-11-03,48399.29
2021-11-04,48556.96
2021-11-05,48753.23
2021-11-08,48822.20
2021-11-09,48651.43
2021-11-10,48179.86
2021-11-11,48251.52
2021-11-12,48582.26
2021-11-15,48571.08
2021-11-16,48763.64
2021-11-17,48587.83
2021-11-18,48685.36
2021-11-19,48583.48
2021-11-22,48387.43
2021-11-23,48443.15
2021-11-24,48572.90
2021-11-25,.
2021-11-26,47442.25
2021-11-29,47985.90
2021-11-30,47063.19
2021-12-01,46402.40
2021-12-02,47112.37
2021-12-03,46609.44
2021-12-06,47179.38
2021-12-07,48178.09
2021-12-08,48373.13
2021-12-09,47919.09
2021-12-10,48281.79
2021-12-13,47815.30
2021-12-14,47453.30
2021-12-15,48223.20
2021-12-16,47723.28
2021-12-17,47360.16
2021-12-20,46791.48
2021-12-21,47704.26
2021-12-22,48178.91
2021-12-23,48493.87
2021-12-24,.
2021-12-27,49115.15
2021-12-28,49022.20
2021-12-29,49081.45
2021-12-30,48969.70
2021-12-31,48835.47
2022-01-03,49174.62
2022-01-04,49101.85
2022-01-05,48040.54
2022-01-06,48037.66
2022-01-07,47813.75
2022-01-10,47741.80
2022-01-11,48219.04
2022-01-12,48299.08
2022-01-13,47615.30
2022-01-14,47655.23
2022-01-17,.
2022-01-18,46716.81
2022-01-19,46234.68
2022-01-20,45695.78
2022-01-21,44797.92
2022-01-24,44999.47
2022-01-25,44418.87
2022-01-26,44297.77
2022-01-27,43973.30
2022-01-28,45050.23
2022-01-31,46001.70
2022-02-01,46354.25
2022-02-02,46670.75
2022-02-03,45543.70
2022-02-04,45851.42
2022-02-07,45728.00
2022-02-08,46155.99
2022-02-09,46864.46
2022-02-10,46035.00
2022-02-11,45188.41
2022-02-14,45012.15
2022-02-15,45792.27
2022-02-16,45811.37
2022-02-17,44804.81
2022-02-18,44452.65
2022-02-21,.
2022-02-22,43960.97
2022-02-23,43133.81
2022-02-24,43870.05
2022-02-25,44857.26
2022-02-28,44814.47
2022-03-01,44116.36
2022-03-02,44944.35
2022-03-03,44630.12
2022-03-04,44208.84
2022-03-07,42869.42
2022-03-08,42635.57
2022-03-09,43761.91
2022-03-10,43573.51
2022-03-11,42968.42
2022-03-14,42561.12
2022-03-15,43441.72
2022-03-16,44484.50
2022-03-17,45077.13
2022-03-18,45627.56
2022-03-21,45574.40
2022-03-22,46120.76
2022-03-23,45544.67
2022-03-24,46183.41
2022-03-25,46373.26
2022-03-28,46693.42
2022-03-29,47349.95
2022-03-30,46975.73
2022-03-31,46253.01
2022-04-01,46442.75
2022-04-04,46821.06
2022-04-05,46151.19
2022-04-06,45648.46
2022-04-07,45790.36
2022-04-08,45639.23
2022-04-11,44923.68
2022-04-12,44789.10
2022-04-13,45362.11
2022-04-14,44811.91
2022-04-15,.
2022-04-18,44758.41
2022-04-19,45527.84
2022-04-20,45477.38
2022-04-21,44732.57
2022-04-22,43517.96
2022-04-25,43785.51
2022-04-26,42519.97
2022-04-27,42570.54
2022-04-28,43602.45
2022-04-29,42042.54
2022-05-02,42308.03
2022-05-03,42517.55
2022-05-04,43762.52
2022-05-05,42148.26
2022-05-06,41829.09
2022-05-09,40388.07
2022-05-10,40458.57
2022-05-11,39734.35
2022-05-12,39750.53
2022-05-13,40783.74
2022-05-16,40579.78
2022-05-17,41444.28
2022-05-18,39775.20
2022-05-19,39594.66
2022-05-20,39586.02
2022-05-23,40283.06
2022-05-24,39865.68
2022-05-25,40319.58
2022-05-26,41154.17
2022-05-27,42197.49
2022-05-30,.
2022-05-31,41900.11
2022-06-01,41595.66
2022-06-02,42415.00
2022-06-03,41736.67
2022-06-06,41869.96
2022-06-07,42293.73
2022-06-08,41825.63
2022-06-09,40820.14
2022-06-10,39612.25
2022-06-13,37992.72
2022-06-14,37856.90
2022-06-15,38431.11
2022-06-16,37104.42
2022-06-17,37246.99
2022-06-20,.
2022-06-21,38129.35
2022-06-22,38076.70
2022-06-23,38482.57
2022-06-24,39672.99
2022-06-27,39574.58
2022-06-28,38774.65
2022-06-29,38697.67
2022-06-30,38338.74
2022-07-01,38773.35
2022-07-04,.
2022-07-05,38899.80
2022-07-06,38979.00
2022-07-07,39626.08
2022-07-08,39587.23
2022-07-11,39085.94
2022-07-12,38749.36
2022-07-13,38589.94
2022-07-14,38438.51
2022-07-15,39188.40
2022-07-18,38894.33
2022-07-19,39988.15
2022-07-20,40293.62
2022-07-21,40674.24
2022-07-22,40247.54
2022-07-25,40304.28
2022-07-26,39820.18
2022-07-27,40860.19
2022-07-28,41370.75
2022-07-29,41953.32
2022-08-01,41853.69
2022-08-02,41611.36
2022-08-03,42276.61
2022-08-04,42241.26
2022-08-05,42215.25
2022-08-08,42211.76
2022-08-09,41972.53
2022-08-10,42924.77
2022-08-11,42897.31
2022-08-12,43648.20
2022-08-15,43816.77
2022-08-16,43897.65
2022-08-17,43522.80
2022-08-18,43630.88
2022-08-19,43018.79
2022-08-22,42098.30
2022-08-23,42036.35
2022-08-24,42192.38
2022-08-25,42797.08
2022-08-26,41361.27
2022-08-29,41072.16
2022-08-30,40607.58
2022-08-31,40295.08
2022-09-01,40341.95
2022-09-02,39931.67
2022-09-05,.
2022-09-06,39749.55
2022-09-07,40499.75
2022-09-08,40789.20
2022-09-09,41447.07
2022-09-12,41886.51
2022-09-13,40089.10
2022-09-14,40231.22
2022-09-15,39792.55
2022-09-16,39451.00
2022-09-19,39730.63
2022-09-20,39262.86
2022-09-21,38606.32
2022-09-22,38183.79
2022-09-23,37485.42
2022-09-26,37064.62
2022-09-27,37025.74
2022-09-28,37809.53
2022-09-29,36986.49
2022-09-30,36480.79
2022-10-03,37423.38
2022-10-04,38634.23
2022-10-05,38538.62
2022-10-06,38175.10
2022-10-07,37091.41
2022-10-10,36794.16
2022-10-11,36570.23
2022-10-12,36464.72
2022-10-13,37359.61
2022-10-14,36457.96
2022-10-17,37457.37
2022-10-18,37906.73
2022-10-19,37580.58
2022-10-20,37278.64
2022-10-21,38128.88
2022-10-24,38534.14
2022-10-25,39236.63
2022-10-26,38984.49
2022-10-27,38785.16
2022-10-28,39699.30
2022-10-31,39436.06
2022-11-01,39311.87
2022-11-02,38281.86
2022-11-03,37903.64
2022-11-04,38364.32
2022-11-07,38705.75
2022-11-08,38912.06
2022-11-09,38060.88
2022-11-10,40232.78
2022-11-11,40634.85
2022-11-14,40234.95
2022-11-15,40637.53
2022-11-16,40225.05
2022-11-17,40059.59
2022-11-18,40244.75
2022-11-21,40057.95
2022-11-22,40604.37
2022-11-23,40837.02
2022-11-24,.
2022-11-25,40839.02
2022-11-28,40188.49
2022-11-29,40148.73
2022-11-30,41381.83
2022-12-01,41357.04
2022-12-02,41324.08
2022-12-05,40510.83
2022-12-06,39915.31
2022-12-07,39830.21
2022-12-08,40132.30
2022-12-09,39827.08
2022-12-12,40403.26
2022-12-13,40701.72
2022-12-14,40462.64
2022-12-15,39447.74
2022-12-16,39025.94
2022-12-19,38638.09
2022-12-20,38699.07
2022-12-21,39284.75
2022-12-22,38716.97
2022-12-23,38935.85
2022-12-26,.
2022-12-27,38765.50
2022-12-28,38282.27
2022-12-29,38987.85
2022-12-30,38896.39
2023-01-02,.
2023-01-03,38718.52
2023-01-04,39051.19
2023-01-05,38591.69
2023-01-06,39457.78
2023-01-09,39460.15
2023-01-10,39763.08
2023-01-11,40285.31
2023-01-12,40477.78
2023-01-13,40649.07
2023-01-16,.
2023-01-17,40585.73
2023-01-18,39965.08
2023-01-19,39639.15
2023-01-20,40398.19
2023-01-23,40906.31
2023-01-24,40857.71
2023-01-25,40862.69
2023-01-26,41308.98
2023-01-27,41449.70
2023-01-30,40890.75
2023-01-31,41538.54
2023-02-01,42011.14
2023-02-02,42660.26
2023-02-03,42217.26
2023-02-06,41916.91
2023-02-07,42432.38
2023-02-08,41953.32
2023-02-09,41551.95
2023-02-10,41624.06
2023-02-13,42098.46
2023-02-14,42121.92
2023-02-15,42311.95
2023-02-16,41753.63
2023-02-17,41628.20
2023-02-20,.
2023-02-21,40744.42
2023-02-22,40715.27
2023-02-23,40922.81
2023-02-24,40483.95
2023-02-27,40605.89
2023-02-28,40496.66
2023-03-01,40332.24
2023-03-02,40621.48
2023-03-03,41270.69
2023-03-06,41226.53
2023-03-07,40619.45
2023-03-08,40670.72
2023-03-09,39854.83
2023-03-10,39177.90
2023-03-13,39059.82
2023-03-14,39719.44
2023-03-15,39401.10
2023-03-16,40079.29
2023-03-17,39576.30
2023-03-20,39930.79
2023-03-21,40499.42
2023-03-22,39777.11
2023-03-23,39861.05
2023-03-24,40080.50
2023-03-27,40189.93
2023-03-28,40136.22
2023-03-29,40709.45
2023-03-30,40921.86
2023-03-31,41548.02
2023-04-03,41667.38
2023-04-04,41374.23
2023-04-05,41215.87
2023-04-06,41351.96
2023-04-07,.
2023-04-10,41440.79
2023-04-11,41482.00
2023-04-12,41289.19
2023-04-13,41828.68
2023-04-14,41720.09
2023-04-17,41888.01
2023-04-18,41912.70
2023-04-19,41917.25
2023-04-20,41661.12
2023-04-21,41692.72
2023-04-24,41706.37
2023-04-25,40997.49
2023-04-26,40830.59
2023-04-27,41599.11
2023-04-28,41941.00
2023-05-01,41929.43
2023-05-02,41401.67
2023-05-03,41158.31
2023-05-04,40846.68
2023-05-05,41623.89
2023-05-08,41649.19
2023-05-09,41474.94
2023-05-10,41659.74
2023-05-11,41562.97
2023-05-12,41483.36
2023-05-15,41662.95
2023-05-16,41339.27
2023-05-17,41875.83
2023-05-18,42271.02
2023-05-19,42177.29
2023-05-22,42244.42
2023-05-23,41790.27
2023-05-24,41478.17
2023-05-25,41747.95
2023-05-26,42298.25
2023-05-29,.
2023-05-30,42300.79
2023-05-31,42046.68
2023-06-01,42463.83
2023-06-02,43173.65
2023-06-05,43051.10
2023-06-06,43256.25
2023-06-07,43158.55
2023-06-08,43384.25
2023-06-09,43394.33
2023-06-12,43792.23
2023-06-13,44126.32
2023-06-14,44113.94
2023-06-15,44648.38
2023-06-16,44465.24
2023-06-19,.
2023-06-20,44244.75
2023-06-21,44013.11
2023-06-22,44122.31
2023-06-23,43757.49
2023-06-26,43603.49
2023-06-27,44136.20
2023-06-28,44155.80
2023-06-29,44370.97
2023-06-30,44875.04
2023-07-03,44947.75
2023-07-04,.
2023-07-05,44818.39
2023-07-06,44415.78
2023-07-07,44366.27
2023-07-10,44546.60
2023-07-11,44893.25
2023-07-12,45224.89
2023-07-13,45625.40
2023-07-14,45521.58
2023-07-17,45734.22
2023-07-18,46079.41
2023-07-19,46206.30
2023-07-20,45867.00
2023-07-21,45864.95
2023-07-24,46023.69
2023-07-25,46143.32
2023-07-26,46170.16
2023-07-27,45827.14
2023-07-28,46315.30
2023-07-31,46441.74
2023-08-01,46305.02
2023-08-02,45646.35
2023-08-03,45530.03
2023-08-04,45300.14
2023-08-07,45668.82
2023-08-08,45453.92
2023-08-09,45126.93
2023-08-10,45123.34
2023-08-11,45081.51
2023-08-14,45305.66
2023-08-15,44772.26
2023-08-16,44415.82
2023-08-17,44042.79
2023-08-18,44066.78
2023-08-21,44334.02
2023-08-22,44209.01
2023-08-23,44701.15
2023-08-24,44096.85
2023-08-25,44382.60
2023-08-28,44669.96
2023-08-29,45327.59
2023-08-30,45512.95
2023-08-31,45460.21
2023-09-01,45597.84
2023-09-04,.
2023-09-05,45348.83
2023-09-06,45048.68
2023-09-07,44880.51
2023-09-08,44933.25
2023-09-11,45221.15
2023-09-12,44987.98
2023-09-13,44987.35
2023-09-14,45374.43
2023-09-15,44841.37
2023-09-18,44839.16
2023-09-19,44733.86
2023-09-20,44327.34
2023-09-21,43579.31
2023-09-22,43482.13
2023-09-25,43654.44
2023-09-26,43018.41
2023-09-27,43078.43
2023-09-28,43349.61
2023-09-29,43241.55
2023-10-02,43169.37
2023-10-03,42541.72
2023-10-04,42868.33
2023-10-05,42814.70
2023-10-06,43324.13
2023-10-09,43601.53
2023-10-10,43863.28
2023-10-11,44032.17
2023-10-12,43677.58
2023-10-13,43435.55
2023-10-16,43930.12
2023-10-17,43979.87
2023-10-18,43340.27
2023-10-19,42942.74
2023-10-20,42398.85
2023-10-23,42289.81
2023-10-24,42604.27
2023-10-25,41954.82
2023-10-26,41525.46
2023-10-27,41293.17
2023-10-30,41765.92
2023-10-31,42052.28
2023-11-01,42456.01
2023-11-02,43293.55
2023-11-03,43784.13
2023-11-06,43784.68
2023-11-07,43917.74
2023-11-08,43919.72
2023-11-09,43530.16
2023-11-10,44180.94
2023-11-13,44150.54
2023-11-14,45134.38
2023-11-15,45216.59
2023-11-16,45191.01
2023-11-17,45304.71
2023-11-20,45634.60
2023-11-21,45501.84
2023-11-22,45701.30
2023-11-23,.
2023-11-24,45758.48
2023-11-27,45668.44
2023-11-28,45700.07
2023-11-29,45717.18
2023-11-30,45892.54
2023-12-01,46287.12
2023-12-04,46110.25
2023-12-05,46014.22
2023-12-06,45846.49
2023-12-07,46205.47
2023-12-08,46413.11
2023-12-11,46593.11
2023-12-12,46780.09
2023-12-13,47513.61
2023-12-14,47781.84
2023-12-15,47734.61
2023-12-18,47923.58
2023-12-19,48267.39
2023-12-20,47531.73
2023-12-21,48055.09
2023-12-22,48162.94
2023-12-25,.
2023-12-26,48400.44
2023-12-27,48481.37
2023-12-28,48488.75
2023-12-29,48286.59
2024-01-01,.
2024-01-02,47977.19
2024-01-03,47489.80
2024-01-04,47349.34
2024-01-05,47430.94
2024-01-08,48130.13
2024-01-09,48027.51
2024-01-10,48272.94
2024-01-11,48213.57
2024-01-12,48231.29
2024-01-15,.
2024-01-16,48010.61
2024-01-17,47728.34
2024-01-18,48133.43
2024-01-19,48716.69
2024-01-22,48909.84
2024-01-23,49015.27
2024-01-24,48997.98
2024-01-25,49252.26
2024-01-26,49240.10
2024-01-29,49661.29
2024-01-30,49594.50
2024-01-31,48760.94
2024-02-01,49370.68
2024-02-02,49827.99
2024-02-05,49605.49
2024-02-06,49762.26
2024-02-07,50139.94
2024-02-08,50247.88
2024-02-09,50568.63
2024-02-12,50590.76
2024-02-13,49796.56
2024-02-14,50348.81
2024-02-15,50712.18
2024-02-16,50442.12
2024-02-19,.
2024-02-20,50103.09
2024-02-21,50120.72
2024-02-22,51113.87
2024-02-23,51144.91
2024-02-26,51000.94
2024-02-27,51141.69
2024-02-28,51043.50
2024-02-29,51311.76
2024-03-01,51716.41
2024-03-04,51659.65
2024-03-05,51123.17
2024-03-06,51403.75
2024-03-07,51916.85
2024-03-08,51605.91
2024-03-11,51514.60
2024-03-12,52025.32
2024-03-13,51955.24
2024-03-14,51725.86
2024-03-15,51436.06
2024-03-18,51709.85
2024-03-19,52004.36
2024-03-20,52529.57
2024-03-21,52735.90
2024-03-22,52608.09
2024-03-25,52473.49
2024-03-26,52346.36
2024-03-27,52835.49
2024-03-28,52906.10
2024-03-29,.
2024-04-01,52755.72
2024-04-02,52322.12
2024-04-03,52404.01
2024-04-04,51771.79
2024-04-05,52328.54
2024-04-08,52344.35
2024-04-09,52423.54
2024-04-10,51860.29
2024-04-11,52234.09
2024-04-12,51450.21
2024-04-15,50800.99
2024-04-16,50676.56
2024-04-17,50368.38
2024-04-18,50258.20
2024-04-19,49877.13
2024-04-22,50322.28
2024-04-23,50963.61
2024-04-24,50964.45
2024-04-25,50726.10
2024-04-26,51228.70
2024-04-29,51402.98
2024-04-30,50563.11
2024-05-01,50429.50
2024-05-02,50932.23
2024-05-03,51545.88
2024-05-06,52101.99
2024-05-07,52150.65
2024-05-08,52116.42
2024-05-09,52406.51
2024-05-10,52458.69
2024-05-13,52448.56
2024-05-14,52741.07
2024-05-15,53355.51
2024-05-16,53206.76
2024-05-17,53263.46
2024-05-20,53330.77
2024-05-21,53424.80
2024-05-22,53248.67
2024-05-23,52796.66
